archivo,pagina,codigo_pdf,nombre_pdf,presentacion_pdf,nombre_norm,px
p07_b92efbba.webp,7,,CLASSIC FRIES EXTRA SWEET SNACKS & POTATO SUSTAINABILITY PRODUCT TABLE OF CONTENTS CRISPY FRIES POTATOES APPETIZERS SIDES & GLOBAL SPECS Lamb Weston Lamb Weston Lamb Weston 7 Supreme™ Private Reserve™ Stealth Fries™ FOOTPRINT,,classic fries extra sweet snacks & potato sustainability product table of contents crispy fries potatoes appetizers sides & global specs lamb weston lamb weston lamb weston 7 supreme™ private reserve™ stealth fries™ footprint,4959x3245
p08_707332ac.webp,8,,CLASSIC FRIES OF Lamb Weston Lamb Weston Supreme™ Private Reserve™ Stealth Fries™,,classic fries of lamb weston lamb weston supreme™ private reserve™ stealth fries™,1399x1710
p08_f711a9d1.webp,8,,"E11 1/2"" Concertinas™",,"e11 1/2"" concertinas™",770x374
p08_f22d753d.webp,8,B36,"3/8"" Regular Cut",,"3/8"" regular cut",769x374
p08_dfb6032c.webp,8,I11,"3/8"" x 5/16"" Crinkle Cut",,"3/8"" x 5/16"" crinkle cut",769x374
p08_98c71cd0.webp,8,12021,"1/2"" Crinkle Cut",,"1/2"" crinkle cut",770x374
p08_3ed6fdd5.webp,8,,E02 Steak Cut,,e02 steak cut,769x374
p08_cfe9bf09.webp,8,,"Y1012 3/8"" Regular Cut Skin-On",,"y1012 3/8"" regular cut skin-on",770x374
p08_fc0d796e.webp,8,12045,"5/16"" Thin Crinkle Cut",,"5/16"" thin crinkle cut",770x374
p08_0ae914e8.webp,8,,"Y1004 3/8"" Concertinas™",,"y1004 3/8"" concertinas™",769x374
p08_b26de034.webp,8,,"D76 1/2"" Regular Cut",,"d76 1/2"" regular cut",770x374
p08_90f2b6ad.webp,8,,EXTRA SWEET CRISPY FRIES POTATOES Lamb Weston,,extra sweet crispy fries potatoes lamb weston,769x374
p08_7be03f4b.webp,8,,P55 CrissCut Skin-On ™,,p55 crisscut skin-on ™,769x374
p08_6f902de3.webp,8,,C0077 Twister™ Fries Skin-On,,c0077 twister™ fries skin-on,770x374
p09_f0b0c2dd.webp,9,,12127 10-Cut Wedge,,12127 10-cut wedge,770x374
p09_3b409ff9.webp,9,,"32G 5/16"" Thin Regular Cut Skin-On",,"32g 5/16"" thin regular cut skin-on",769x374
p09_272d0b29.webp,9,,LW584 6-8 Cut Oven Roasted Red Skin Wedge,,lw584 6-8 cut oven roasted red skin wedge,770x374
p09_834fe296.webp,9,,EXTRA SWEET CRISPY FRIES POTATOES Lamb Weston,,extra sweet crispy fries potatoes lamb weston,770x374
p09_cae30903.webp,9,32L,"3/8"" Regular Cut Skin-On",,"3/8"" regular cut skin-on",770x374
p09_c1c6cabc.webp,9,32Q,Steak Cut Skin-On,,steak cut skin-on,769x373
p09_e6c57d60.webp,9,32R,8-Cut Wedge,,8-cut wedge,769x374
p09_983c2afa.webp,9,,33D 10-Cut Crinkle Cut Wedge,,33d 10-cut crinkle cut wedge,770x374
p09_83107d5b.webp,9,,"A66 3/8"" Regular Cut Skin-On",,"a66 3/8"" regular cut skin-on",770x373
p09_bafb8b0e.webp,9,25029,"3/8"" Regular Cut Skin-On Simple Recipe",,"3/8"" regular cut skin-on simple recipe",770x372
p09_2943b6d7.webp,9,,Q80 8-10 Cut Wedge,,q80 8-10 cut wedge,770x374
p09_97903631.webp,9,,"32P 1/2"" Regular Cut Skin-On",,"32p 1/2"" regular cut skin-on",769x374
p10_a7d9c92b.webp,10,,S0018 Potato Dippers™,,s0018 potato dippers™,770x374
p10_739844ed.webp,10,S12,"5/16"" Thin Regular Cut Skin-On",,"5/16"" thin regular cut skin-on",770x374
p10_581c93ca.webp,10,S0017,"1/2"" Concertinas™",,"1/2"" concertinas™",769x374
p10_b60f7ee9.webp,10,S15,CrissCut™ Skin-On,,crisscut™ skin-on,769x374
p10_5ca8b324.webp,10,,"S0049 7/16"" Thick Regular Cut",,"s0049 7/16"" thick regular cut",770x374
p10_c30418ee.webp,10,S57,"3/8"" Regular Cut",,"3/8"" regular cut",770x374
p10_6f795cc7.webp,10,S0022,"5/16"" Thin Crinkle Cut",,"5/16"" thin crinkle cut",770x374
p10_ae8779f9.webp,10,S0010,Twister™,,twister™,770x374
p10_f3cdea9a.webp,10,,"S35 5/16"" Thin Regular Cut",,"s35 5/16"" thin regular cut",770x374
p10_f646ea97.webp,10,S19,"3/8"" Regular Cut Skin-On",,"3/8"" regular cut skin-on",770x374
p10_d5fe0907.webp,10,,EXTRA SWEET Lamb Weston CRISPY FRIES POTATOES,,extra sweet lamb weston crispy fries potatoes,770x374
p10_56836882.webp,10,S13,"3/8"" x 1/4"" Trim Skin-On",,"3/8"" x 1/4"" trim skin-on",770x374
p11_7c3c47d1.webp,11,,EXTRA CRISPY FRIES CLASSIC SWEET SNACKS & POTATO SUSTAINABILITY PRODUCT TABLE OF CONTENTS FRIES POTATOES APPETIZERS SIDES & GLOBAL SPECS Lamb Weston Lamb Weston Lamb Weston 11 Crispy on Delivery™ Colossal Crisp™ Seasoned™ FOOTPRINT,,extra crispy fries classic sweet snacks & potato sustainability product table of contents fries potatoes appetizers sides & global specs lamb weston lamb weston lamb weston 11 crispy on delivery™ colossal crisp™ seasoned™ footprint,4749x3106
p12_ced1e251.webp,12,,SWEET SNACKS & POTATO SUSTAINABILITY PRODUCT POTATOES APPETIZERS SIDES & GLOBAL SPECS Lamb Weston 12 Seasoned™ FOOTPRINT,,sweet snacks & potato sustainability product potatoes appetizers sides & global specs lamb weston 12 seasoned™ footprint,1212x1710
p12_395760ad.webp,12,,EXTRA CRISPY FRIES CLASSIC FRIES Lamb Weston Lamb Weston Crispy on Delivery™ Colossal Crisp™,,extra crispy fries classic fries lamb weston lamb weston crispy on delivery™ colossal crisp™,2828x3183
p12_d7e69d7f.webp,12,,LW211 Steak Cut,,lw211 steak cut,770x374
p12_61b340a6.webp,12,LW200,"3/8"" Regular Cut",,"3/8"" regular cut",770x375
p12_7c876dc8.webp,12,LW201,"3/8"" Regular Cut Skin-On",,"3/8"" regular cut skin-on",770x375
p12_66ae9cba.webp,12,,"LW206 5/16"" Regular Cut Skin-On",,"lw206 5/16"" regular cut skin-on",770x374
p12_5226b58a.webp,12,,"LW202 1/2"" Concertinas™",,"lw202 1/2"" concertinas™",770x374
p12_b5db8125.webp,12,,SMOOTH BATTER with tender crispiness,,smooth batter with tender crispiness,770x374
p13_cd673106.webp,13,,EXTRA CRISPY FRIES CLASSIC FRIES Lamb Weston Lamb Weston Colossal Crisp™ Crispy on Delivery™,,extra crispy fries classic fries lamb weston lamb weston colossal crisp™ crispy on delivery™,2887x3249
p13_7785cf79.webp,13,,"thick, toasty batter for MAXIMUM CRISPINESS",,"thick, toasty batter for maximum crispiness",770x374
p13_b46df464.webp,13,,C0025 Thick N’ Crispy,,c0025 thick n’ crispy,770x375
p13_cf2b4aa3.webp,13,C0057,"3/8"" Regular Cut",,"3/8"" regular cut",770x374
p14_8fc300ad.webp,14,,EXTRA CRISPY FRIES CLASSIC FRIES Lamb Weston Lamb Weston Crispy on Delivery™ Colossal Crisp™,,extra crispy fries classic fries lamb weston lamb weston crispy on delivery™ colossal crisp™,2788x3244
p14_cdf5551b.webp,14,,"F6065 3/8"" Crinkle Cut",,"f6065 3/8"" crinkle cut",770x374
p14_5718c9e3.webp,14,,D0073 Twister™ Fries Skin-On,,d0073 twister™ fries skin-on,769x374
p14_f805cc98.webp,14,,24298 6-Cut Mini Wedge,,24298 6-cut mini wedge,770x374
p14_a860ed1f.webp,14,,A10 4-Cut Junior Wedge,,a10 4-cut junior wedge,769x374
p14_86287d38.webp,14,,A20 6-Cut Super Wedge,,a20 6-cut super wedge,769x374
p14_248ddcfe.webp,14,C27,8-Cut Wedge,,8-cut wedge,769x374
p14_03b914cd.webp,14,,A40 10-Cut Wedge,,a40 10-cut wedge,770x374
p14_60b492db.webp,14,D23,CrissCut™ Skin-On,,crisscut™ skin-on,769x374
p15_3d0737b6.webp,15,D17,8-Cut Deli Wedge™ BATTER RECIPE,,8-cut deli wedge™ batter recipe,769x374
p15_dfcd8fc2.webp,15,45Q,"5/16"" Thin Regular Cut BATTERED RECIPE",,"5/16"" thin regular cut battered recipe",770x374
p15_c1e20894.webp,15,SS102,Flats Skin-On,,flats skin-on,769x374
p15_93dc5d04.webp,15,,R12 10-Cut Wedge RECIPE,,r12 10-cut wedge recipe,769x374
p17_3347e8ce.webp,17,,"L8100 1/2"" x 1/4"" Platter Fries™",,"l8100 1/2"" x 1/4"" platter fries™",770x374
p17_c6409d00.webp,17,,perfect choice to pair with HEALTHIER MENU,,perfect choice to pair with healthier menu,862x393
p17_fc421062.webp,17,,"L0089 5/16"" Thin Regular Cut Vanilla Sugar Seasoned",,"l0089 5/16"" thin regular cut vanilla sugar seasoned",770x374
p17_f4ed98db.webp,17,,"L8000 3/8"" x 1/4"" Trim",,"l8000 3/8"" x 1/4"" trim",769x374
p17_5178ada2.webp,17,,"L0095 3/16"" Juliennes",,"l0095 3/16"" juliennes",770x374
p17_9c803ffd.webp,17,,"L0091 5/16"" Thin Regular Cut",,"l0091 5/16"" thin regular cut",769x374
p17_bfd30481.webp,17,L0092,"3/8"" Regular Cut",,"3/8"" regular cut",770x374
p17_f1f18ec8.webp,17,,M0007 Original Mashed,,m0007 original mashed,769x374
p17_40d6e251.webp,17,,"L0105 1/2"" Roasted Tri-Cut Dice",,"l0105 1/2"" roasted tri-cut dice",770x374
p17_56b461e7.webp,17,,L0090 CrissCut™,,l0090 crisscut™,769x374
p17_c208a287.webp,17,,L0094 Mini Tater Puffs™,,l0094 mini tater puffs™,770x374
p19_a0b2fb65.webp,19,,S0026 Starz™,,s0026 starz™,770x374
p19_089f1a5a.webp,19,,G5300 Hash Brown Patties,,g5300 hash brown patties,770x374
p19_e7902889.webp,19,,F90 2.25 oz Formed,,f90 2.25 oz formed,770x374
p19_e32140de.webp,19,,B27 Hash Brown Patties,,b27 hash brown patties,769x374
p19_497a0600.webp,19,12143,Oval Hash Brown Patties,,oval hash brown patties,769x374
p19_24f5a97c.webp,19,,B03 Triangle Hash Brown Patties,,b03 triangle hash brown patties,770x374
p19_d05e2f7c.webp,19,,K39 Mini Potato Pancakes,,k39 mini potato pancakes,770x374
p19_8ac67a14.webp,19,,J0032 Potato Stix,,j0032 potato stix,816x393
p19_0584b983.webp,19,P40,"Lamb Weston Stuffed Spudz™ Cheddar Cheese, Round Shape",,"lamb weston stuffed spudz™ cheddar cheese, round shape",803x393
p19_17cc42e8.webp,19,P39,"Lamb Weston Stuffed Spudz™ Southwestern Cheddar Cheese, Pepper Shape",,"lamb weston stuffed spudz™ southwestern cheddar cheese, pepper shape",809x393
p19_c488d38c.webp,19,P38,Lamb Weston Stuffed Spudz™ Southwestern Jalapeños Diced Potatoes,,lamb weston stuffed spudz™ southwestern jalapenos diced potatoes,786x393
p19_18a2d50b.webp,19,,LW205 Waffled Hash Brown,,lw205 waffled hash brown,813x393
p20_114b04bd.webp,20,,easy to PREPARE & SHARE,,easy to prepare & share,814x393
p20_27ec5595.webp,20,,30431 Battered Mozzarella Sticks,,30431 battered mozzarella sticks,806x393
p20_c7765621.webp,20,,Lamb Weston Private Reserve™ H3030 Yukon Chips Skin-On,,lamb weston private reserve™ h3030 yukon chips skin-on,770x374
p20_3cdc3a13.webp,20,2200D,Fried Potato Skins,,fried potato skins,807x393
p20_7ed4ec79.webp,20,H3031,Lamb Weston Private Reserve™ Lattice Chips Skin-On,,lamb weston private reserve™ lattice chips skin-on,770x374
p20_b0635937.webp,20,30H,Lamb Weston Private Reserve™ Chips Skin-On,,lamb weston private reserve™ chips skin-on,770x374
p20_0d609b7e.webp,20,22G,Baked Potato Skins,,baked potato skins,770x374
p20_919be7f2.webp,20,,30429 Suprema Mozzarella Sticks,,30429 suprema mozzarella sticks,800x393
p22_16583182.webp,22,,LW586 Oven Roasted Red Skin Tri-Cut Dice,,lw586 oven roasted red skin tri-cut dice,770x374
p22_3ba194d1.webp,22,A24,Lamb Weston Seasoned™ CrispyCubes™ Select Spice,,lamb weston seasoned™ crispycubes™ select spice,833x393
p22_e0844cb8.webp,22,32N,Lamb Weston Private Reserve™ Breakfast Cubes Skin-On Simple Recipe,,lamb weston private reserve™ breakfast cubes skin-on simple recipe,770x374
p22_ce3e198e.webp,22,,C73 Diced Country Hash Browns,,c73 diced country hash browns,770x374
p22_690c2949.webp,22,,Oven Roasted Red Skin Tri-Cut LW585 Dice Rosemary & Garlic,,oven roasted red skin tri-cut lw585 dice rosemary & garlic,804x393
p22_ec01e296.webp,22,,Lamb Weston Seasoned™ A0030 Tri-Cut Dice,,lamb weston seasoned™ a0030 tri-cut dice,827x393
p22_7cea55b7.webp,22,A28,Lamb Weston Seasoned™ CrispyCubes™ Original,,lamb weston seasoned™ crispycubes™ original,804x393
p22_c47dc324.webp,22,LW508,Oven Roasted Potato Medley,,oven roasted potato medley,801x393
p22_b9614b48.webp,22,S69,Shredded IQF Hash Browns,,shredded iqf hash browns,813x393
p23_b70c21ee.webp,23,,M62 Red Skin Garlic Mashed,,m62 red skin garlic mashed,803x393
p23_40cab812.webp,23,M18,Roasted Garlic Mashed,,roasted garlic mashed,810x393
p23_425e6838.webp,23,,SAVE TIME & LABOR without sacrificing,,save time & labor without sacrificing,801x393
p23_13edc43a.webp,23,M22,Red Skin Original Mashed,,red skin original mashed,830x393
p23_402033e1.webp,23,,Lamb Weston Sweet Potatoes™ M0007 Original Mashed,,lamb weston sweet potatoes™ m0007 original mashed,812x393
p23_9d09085d.webp,23,M0011,Gold Lightly Seasoned Mashed Yellow Variety,,gold lightly seasoned mashed yellow variety,814x393
p23_832f2435.webp,23,M16,Original Mashed,,original mashed,804x393
p23_fc8cde42.webp,23,N88,Homestyle Mashed,,homestyle mashed,800x393
